{
  "fedACHParticipants" : {
    "response" : {
      "code" : 100
    },
    "fedACHParticipants" : [
      {
        "routingNumber" : "011000015",
        "officeCode" : "O",
        "servicingFRBNumber" : "011000015",
        "recordTypeCode" : "0",
        "changeDate" : "122415",
        "newRoutingNumber" : "000000000",
        "customerName" : "FEDERAL RESERVE BANK",
        "customerAddress" : "1000 PEACHTREE ST N.E.",
        "customerCity" : "ATLANTA",
        "customerState" : "GA",
        "customerZip" : "30309",
        "customerZipExt" : "4470",
        "customerAreaCode" : "877",
        "customerPhonePrefix" : "372",
        "customerPhoneSuffix" : "2457",
        "institutionStatusCode" : "1",
        "dataViewCode" : "1"
      },
      {
        "routingNumber": "073905527",
        "officeCode": "O",
        "servicingFRBNumber": "071000301",
        "recordTypeCode": "1",
        "changeDate": "012908",
        "newRoutingNumber": "000000000",
        "customerName": "LINCOLN SAVINGS BANK",
        "customerAddress": "P O BOX E",
        "customerCity": "REINBECK",
        "customerState": "IA",
        "customerZip": "50669",
        "customerZipExt": "0159",
        "customerAreaCode" : "319",
        "customerPhonePrefix" : "788",
        "customerPhoneSuffix" : "6441",
        "institutionStatusCode": "1",
        "dataViewCode": "1"
      },
      {
        "routingNumber": "325183657",
        "officeCode": "O",
        "servicingFRBNumber": "121000374",
        "recordTypeCode": "2",
        "changeDate": "110118",
        "newRoutingNumber": "325182836",
        "customerName": "LOWER VALLEY CU",
        "customerAddress": "PO BOX 479",
        "customerCity": "SUNNYSIDE",
        "customerState": "WA",
        "customerZip": "98944",
        "customerZipExt": "0000",
        "customerAreaCode": "509",
        "customerPhonePrefix": "837",
        "customerPhoneSuffix": "5295",
        "institutionStatusCode": "1",
        "dataViewCode": "1"
      },
      {
        "routingNumber": "011000206",
        "officeCode": "O",
        "servicingFRBNumber": "011000015",
        "recordTypeCode": "1",
        "changeDate": "072505",
        "newRoutingNumber": "000000000",
        "customerName": "BANK OF AMERICA N.A",
        "customerAddress": "PO BOX 27025",
        "customerCity": "RICHMOND",
        "customerState": "VA",
        "customerZip": "23261",
        "customerZipExt": "7025",
        "customerAreaCode": "800",
        "customerPhonePrefix": "446",
        "customerPhoneSuffix": "0135",
        "statusCode": "1",
        "dataViewCode": "1"
      },
      {
        "routingNumber": "031207924",
        "officeCode": "O",
        "servicingFRBNumber": "031000040",
        "recordTypeCode": "1",
        "changeDate": "112614",
        "newRoutingNumber": "000000000",
        "customerName": "FIRST BANK",
        "customerAddress": "2465 RUSER RD",
        "customerCity": "HAMILTON",
        "customerState": "NJ",
        "customerZip": "08690",
        "customerZipExt": "0000",
        "customerAreaCode": "609",
        "customerPhonePrefix": "643",
        "customerPhoneSuffix": "0061",
        "statusCode": "1",
        "dataViewCode": "1"
      },
      {
        "routingNumber": "301271787",
        "officeCode": "O",
        "servicingFRBNumber": "101000048",
        "recordTypeCode": "1",
        "changeDate": "012114",
        "newRoutingNumber": "000000000",
        "customerName": "FARMERS STATE BANK",
        "customerAddress": "PO BOX 567",
        "customerCity": "CAMERON",
        "customerState": "MO",
        "customerZip": "64429",
        "customerZipExt": "0000",
        "customerAreaCode": "816",
        "customerPhonePrefix": "632",
        "customerPhoneSuffix": "6641",
        "statusCode": "1",
        "dataViewCode": "1"
      }
    ]
  }
}
